strategy,total_return,annual_return,max_drawdown,volatility,sharpe,observations,complete_years,mdd_no_worse_years,mdd_strictly_better_years,return_within_5pp_years,both_within_5pp_years,return_within_10pp_years,both_within_10pp_years,min_return_gap,median_return_gap,min_mdd_gap,median_mdd_gap,strict_eligible,strict_mdd_eligible,risk_first_eligible
Ensemble_VolTarget22_fast_ultra_50_50,19.930547894804512,0.17195326155984092,-0.40999278384620785,0.19307869030290997,0.9187384451629905,4830,18,18,10,18,18,18,18,-0.04452742095394413,-0.0011063291500076344,-8.881784197001252e-16,0.0038091309461283918,True,False,True
Ensemble_VolTarget22_fast_ultra_50_50_Buffer1_goldcash,19.605919684880273,0.17099786833755148,-0.4067651859202327,0.19123148361123068,0.921483485747013,4830,18,18,18,18,18,18,18,-0.04939569531271637,-0.003229152557218118,0.00021862940144623533,0.0048243721264336625,True,True,True
QQQ,16.82219989763943,0.16216434341264052,-0.5340399304007597,0.22379197849910268,0.7836972127356518,4830,18,18,0,18,18,18,18,0.0,0.0,0.0,0.0,True,False,True
Static_QQQ97.5_goldcash,16.257386851296815,0.16021326857451235,-0.5242163561578157,0.21837906489603223,0.7899330343872786,4830,18,18,18,18,18,18,18,-0.014328081474060284,-0.003131982438173031,0.0005463029290667665,0.003825964086493938,True,True,True
Static_QQQ97.5_balanced,16.228917214750926,0.16011332890787178,-0.5242371533755579,0.2183792686399499,0.789537353801651,4830,18,18,18,18,18,18,18,-0.014750816523599886,-0.0032907410525597758,0.0004052226489379418,0.003688682735063842,True,True,True
Static_QQQ97.5_rates,16.20833111256396,0.1600409659999389,-0.5235360373036979,0.21810438300443472,0.7899700257864489,4830,18,18,18,18,18,18,18,-0.01661970943920199,-0.0031421831406228673,0.00032959309250757407,0.003913287548223288,True,True,True
Static_QQQ97.5_bil,15.891046356621391,0.1589151661167849,-0.5238992447367061,0.2181849884292522,0.7853101781652267,4830,18,18,18,18,18,18,18,-0.015450669834149,-0.004962778670029699,0.0012349842680813294,0.0033204602827749397,True,True,True
Static_QQQ95_goldcash,15.699880708283406,0.1582271499259753,-0.5142356554764895,0.21298295847747256,0.7964229917275563,4830,18,18,18,18,18,18,18,-0.028522328258581142,-0.006277585506508032,0.0010917027675525492,0.0076644367048579465,True,True,True
Static_QQQ95_balanced,15.644951049819738,0.158028074074555,-0.5142746120801011,0.21298152249522612,0.795618455566756,4830,18,18,18,18,18,18,18,-0.0294254438732382,-0.00659495680550215,0.0008095179009554032,0.007389452424992338,True,True,True
Static_QQQ95_rates,15.603992173711372,0.15787922539523902,-0.5128468615851784,0.2124350707997923,0.7965101982121651,4830,18,18,18,18,18,18,18,-0.03313467419704286,-0.006302703500874918,0.0006580247272054418,0.007839429499575501,True,True,True
Static_QQQ95_bil,14.998842967424903,0.15563852860141525,-0.5135837500669899,0.21257806947759703,0.7870079679503138,4830,18,18,18,18,18,18,18,-0.030808934572785995,-0.009926019602524594,0.0024702393770075215,0.0066493885304049205,True,True,True
VolTarget_22_goldcash_fast_rebound,20.418889233693807,0.1733643366246156,-0.40906959949921773,0.1905009295207528,0.9348975674889596,4830,18,18,9,17,17,18,18,-0.09038067205077116,0.0,-4.440892098500626e-16,0.002840413732759839,False,False,True
VolTarget_24_goldcash_fast_rebound,20.23240249519199,0.17282911241092824,-0.4165941851055517,0.19506044653361565,0.9152032909255637,4830,18,18,9,17,17,18,18,-0.08408141292782978,0.0,-4.440892098500626e-16,0.0012265312910110793,False,False,True
VolTarget_24_goldcash_ultrafast_rebound,19.783143092729695,0.17152119719393566,-0.41989837309839295,0.2008777116964988,0.8888580338204211,4830,18,18,8,17,17,18,18,-0.05584297203287192,0.0,-4.440892098500626e-16,1.1102230246251565e-16,False,False,True
VolTarget_22_goldcash_ultrafast_rebound,19.302810185457734,0.17009283801857666,-0.4125395245023201,0.19685218369245894,0.8967744143521689,4830,18,18,9,17,17,18,18,-0.062140353995933095,0.0,-8.881784197001252e-16,0.0010020641246339945,False,False,True
VolTarget_20_goldcash_ultrafast_rebound,18.85243962999408,0.16872417833684628,-0.3958568585019606,0.19207806798192928,0.9081247610691031,4830,18,18,10,17,17,18,18,-0.06854321594488422,0.0,-1.1102230246251565e-16,0.002963319142033738,False,False,True
VolTarget_24_goldcash_trend_rebound,18.070941369166295,0.16627784103205645,-0.4215011661050949,0.20053463910936709,0.8677644715852989,4830,18,18,7,17,17,17,17,-0.1832574169033485,0.0,-4.440892098500626e-16,0.0,False,False,False
VolTarget_22_goldcash_trend_rebound,17.781528067768125,0.1653477083050865,-0.41536967384832824,0.1970364905400192,0.8756075950329565,4830,18,18,7,17,17,17,17,-0.2055881132796855,0.0,-4.440892098500626e-16,0.0,False,False,False
VolTarget_20_goldcash_fast_rebound,20.393762252283558,0.17329247926848446,-0.39103619246742394,0.18521661131601241,0.9558713988010374,4830,18,18,9,16,16,18,18,-0.09700338992739743,-0.0009131574404025455,-8.881784197001252e-16,0.004455806218450931,False,False,True
VolTarget_22_goldcash_fast_bull_cap,20.23986070372227,0.17285060314474787,-0.3961895316961377,0.19155250269670213,0.9285326720753313,4830,18,18,10,16,16,18,18,-0.07754434714590519,0.0,-6.661338147750939e-16,0.004777571899341582,False,False,True
VolTarget_24_goldcash_fast_bull_cap,20.206110232418165,0.1727532944727994,-0.4070207687364068,0.19617923109205512,0.9107746051343902,4830,18,18,9,16,16,18,18,-0.06943657387624524,0.0,-7.771561172376096e-16,0.0012265312910110793,False,False,True
VolTarget_24_goldcash_bull_cap,19.225874686472995,0.1698610849467379,-0.4165861863009114,0.19427292479264902,0.9050751054756185,4830,18,18,9,16,16,17,17,-0.11481960812392744,0.0,-4.440892098500626e-16,0.0012265312910109682,False,False,False
VolTarget_22_goldcash_bull_cap,19.111708864784546,0.16951563831722782,-0.4089094267794319,0.1893426392016024,0.9220929629561141,4830,18,18,10,16,16,17,17,-0.1276324820427639,-0.00016718475451604764,-6.661338147750939e-16,0.004777571899341582,False,False,False
VolTarget_24_goldcash,18.7852591553476,0.1685175013686997,-0.4165861863009114,0.19387086647322072,0.9006196001478743,4830,18,18,9,16,16,17,17,-0.11482358038081619,0.0,-4.440892098500626e-16,0.0012265312910110793,False,False,False
Composite_90VolTarget24_9QQQ,18.63862368593017,0.16806406537456264,-0.42264165504922,0.1962660588508167,0.8900266710409775,4830,18,18,9,16,16,17,17,-0.10329857448946389,0.0,-1.4432899320127035e-15,0.0011038383927465256,False,False,False
VolTarget_22_goldcash,18.621053582649047,0.16800951879197568,-0.4089094267794319,0.18841451374102566,0.9188638220613394,4830,18,18,10,16,16,17,17,-0.1291516117517275,-0.00016718475451604764,-9.992007221626409e-16,0.004777571899341582,False,False,False
Composite_80VolTarget24_19QQQ,18.48004165014924,0.1675700612731137,-0.43501304256672657,0.19880863244013977,0.8790370398218765,4830,18,18,9,16,16,18,18,-0.09177897047490413,0.0,-3.3306690738754696e-16,0.0009811543160311853,False,False,True
VolTarget_24_goldcash_momentum_floor,18.47191326515305,0.16754463769690298,-0.4165861863009114,0.19469807264610575,0.893351243866942,4830,18,18,9,16,16,16,16,-0.11482358038081619,0.0,-4.440892098500626e-16,0.0012265312910110793,False,False,False
Composite_70VolTarget24_30QQQ,18.309820929561766,0.16703554135002885,-0.4480370523408802,0.2014930080542162,0.8677138635900595,4830,18,18,9,16,16,18,18,-0.0802662793966169,0.0,-6.661338147750939e-16,0.0008584790668833553,False,False,True
VolTarget_22_goldcash_momentum_floor,17.973336802758126,0.16596565818317233,-0.40991040271809354,0.19009449010573742,0.9032217775145421,4830,18,18,10,16,16,16,16,-0.1354060548220346,-0.00016718475451604764,-9.992007221626409e-16,0.004777571899341582,False,False,False
Trend_200_75_goldcash,15.556794821737224,0.15770727328290524,-0.4208537207068972,0.19989519704090195,0.8329231481255486,4830,18,18,6,16,16,18,18,-0.06784657100955549,-0.004311576098282477,-1.3322676295501878e-15,0.0,False,False,True
Trend_150_75_goldcash,14.37292476497774,0.15323477702263566,-0.4325798737744574,0.19942811767036014,0.8149855377378674,4830,18,18,7,16,16,18,18,-0.06905793329595156,-0.004311576098282477,-3.3306690738754696e-16,0.0,False,False,True
Static_QQQ90_bil,13.32726206946426,0.1490040474325074,-0.4924210015134769,0.2013644686919157,0.7906862627387495,4830,18,18,18,16,16,18,18,-0.061247028610096343,-0.01985317258785868,0.004941552374373659,0.013332662431960796,False,False,True
VolTarget_20_goldcash_fast_bull_cap,20.100516785076714,0.17244789872710786,-0.37185026869057825,0.18609550940531347,0.9483700265997966,4830,18,18,10,15,15,18,18,-0.08388097285702778,-0.0011441405982454134,-8.881784197001252e-16,0.007864490660915713,False,False,True
VolTarget_24_rates,19.041434261859564,0.16930207380904227,-0.41060102788494146,0.19250248575490142,0.9091336079324693,4830,18,18,9,15,15,17,17,-0.1442208422616078,0.0,-3.3306690738754696e-16,0.0013684000404860508,False,False,False
VolTarget_22_rates,18.682761262779607,0.16820088719573145,-0.4024067725313465,0.186908137043952,0.9256312900426897,4830,18,18,10,15,15,16,16,-0.16320022599020367,-0.0008913643793891923,-9.992007221626409e-16,0.004990505763418196,False,False,False
VolTarget_24_bil,17.4522669213392,0.16427284540677678,-0.4256220693583125,0.19195436536647495,0.8887220410795914,4830,18,18,9,15,15,17,17,-0.13083529281490813,-0.0019658045141519587,-7.771561172376096e-16,0.0014567645813842733,False,False,False
VolTarget_20_goldcash_trend_rebound,17.227145663821624,0.16352742942856024,-0.39894548056206447,0.19293085901700138,0.8819866251239548,4830,18,18,7,15,15,17,17,-0.22758217858635854,0.0,-8.881784197001252e-16,2.220446049250313e-16,False,False,False
VolTarget_22_bil,17.01776893620228,0.1628262723852658,-0.41313374243643486,0.1861250538570399,0.9039618252110384,4830,18,18,10,15,15,16,16,-0.14766867777778625,-0.004189618914745896,-9.992007221626409e-16,0.0066280913560427535,False,False,False
Trend_240_75_goldcash,14.891585035518858,0.15523302014098084,-0.42085372070689697,0.1988976639966229,0.8253408856416641,4830,18,18,6,15,15,18,18,-0.07000939214719692,-0.004311576098282477,-6.661338147750939e-16,0.0,False,False,True
Static_QQQ90_goldcash,14.60860891818195,0.15415059543330356,-0.49379788948189984,0.20224654423155342,0.810218541906341,4830,18,18,18,15,15,18,18,-0.05651355988142348,-0.012608994791742156,0.0019873914881728405,0.015378978305722324,False,False,True
Static_QQQ90_balanced,14.506561746128384,0.1537556819899477,-0.49386446778172755,0.20223571072928806,0.8085560636734345,4830,18,18,18,15,15,18,18,-0.05854418443767262,-0.013243123175566085,0.0015079559792721131,0.014827353194691195,False,False,True
Static_QQQ90_rates,14.42586178295823,0.15344163219170315,-0.49090507448085474,0.20115747480504914,0.8104508722609994,4830,18,18,18,15,15,18,18,-0.06584860175818275,-0.012677955624368797,0.0011627470414939944,0.015730345149870817,False,False,True
VolTarget_20_goldcash_bull_cap,18.81079678275975,0.1685961447030493,-0.3877599320739171,0.18357715441019135,0.9408997888501859,4830,18,18,10,14,14,17,17,-0.13873767969564965,-0.0026609218220138287,-8.881784197001252e-16,0.007864490660915713,False,False,False
VolTarget_20_goldcash,18.192407007314433,0.16666423406312791,-0.38763894824522127,0.1817795942352543,0.9392944636171114,4830,18,18,10,14,14,16,16,-0.143596268450213,-0.0034027056281531465,-1.3322676295501878e-15,0.009316393895655362,False,False,False
VolTarget_20_rates,18.059280653521913,0.16624062462999456,-0.3800998248679307,0.18011907328973825,0.944266818851271,4830,18,18,10,14,14,16,16,-0.18219686563411885,-0.0040895245289851445,-6.661338147750939e-16,0.009562995625987059,False,False,False
VolTarget_20_goldcash_momentum_floor,17.213576846013424,0.16348222232872933,-0.3900542742102949,0.1843859467005952,0.913819559948358,4830,18,18,10,14,14,16,16,-0.17552242079494818,-0.0034027056281531465,-1.3322676295501878e-15,0.009316393895655362,False,False,False
VolTarget_20_bil,16.266813491489174,0.16024632536869743,-0.38813016930007627,0.17908147887119796,0.9199186251213896,4830,18,18,10,14,14,16,16,-0.17678326494314955,-0.008050621561067839,-6.661338147750939e-16,0.013048714170067144,False,False,False
Trend_200_50_goldcash,13.12896293925137,0.1481688337032414,-0.3421908853806581,0.18584527205341264,0.836839304559886,4830,18,17,5,12,12,16,15,-0.1331407238337201,-0.009109519477779382,-0.0186159920562321,0.0,False,False,False
Trend_240_50_goldcash,13.077884501413068,0.14795189768724493,-0.342190885380658,0.18468822704063678,0.8399018915242946,4830,18,17,5,12,12,15,14,-0.14161445238140846,-0.009109519477779382,-0.0186159920562321,0.0,False,False,False
Trend_150_50_goldcash,12.493229879165886,0.14541421801729548,-0.3690470161661029,0.18304218409649764,0.8337013220117979,4830,18,17,7,12,11,16,15,-0.13545048389732606,-0.009109519477779382,-0.0021139804161217635,0.0,False,False,False
DrawdownControl_goldcash,8.720865882057291,0.12598455201861625,-0.2655862578199657,0.15123439198309152,0.8606593338460867,4830,18,17,13,10,10,15,14,-0.371394910352153,-0.04580494017690606,-0.008905488693759511,0.020875633591046383,False,False,False
DrawdownControl_rates,5.477639447431449,0.10238878932266715,-0.3071601537527855,0.14195160065197243,0.7580596065804597,4830,18,16,12,8,8,12,12,-0.49959606777627297,-0.051096048514290726,-0.008600311624259227,0.02347044586335073,False,False,False
DualMomentum_12m_top2_inverse_vol,3.9580876759512007,0.08711944203040933,-0.17839012733388648,0.12101963775696216,0.7509561445799176,4830,18,15,15,8,8,9,9,-0.4127344706113003,-0.09309405936600723,-0.03009578159215809,0.04958348075297342,False,False,False
DualMomentum_3h_top2_inverse_vol,3.069893318394655,0.07598032925710774,-0.21419359389396142,0.1235581708799106,0.654660695710437,4830,18,15,15,7,7,8,8,-0.475682102976114,-0.15790724983974957,-0.057193035778105195,0.06603107045297996,False,False,False
DualMomentum_12m_top2_equal,4.439481029103332,0.09238797628086926,-0.25413874385811097,0.14592921224357763,0.6787973517173221,4830,18,14,14,7,7,10,10,-0.48869768409708536,-0.09165793750520612,-0.05696886565939929,0.03748925324877905,False,False,False
DualMomentum_3h_top2_equal,3.323322150098659,0.0793768320949848,-0.26960559333201695,0.1487979172318062,0.5879972564035154,4830,18,14,14,6,6,8,8,-0.460593579925038,-0.13834531431084085,-0.08877386364283135,0.04017477389909163,False,False,False
DualMomentum_12m_top1_equal,5.431007557398443,0.10197331850531954,-0.38305545756011883,0.1825226986074607,0.623603153784294,4830,18,11,7,7,6,9,7,-0.4904962976502034,-0.10552550639288405,-0.13061045551345352,0.0,False,False,False
DualMomentum_12m_top1_inverse_vol,5.431007557398443,0.10197331850531954,-0.38305545756011883,0.1825226986074607,0.623603153784294,4830,18,11,7,7,6,9,7,-0.4904962976502034,-0.10552550639288405,-0.13061045551345352,0.0,False,False,False
DualMomentum_3h_top1_equal,3.1343186387433963,0.07686238154061886,-0.33624710553340276,0.18365329585332635,0.49534790308141,4830,18,11,9,6,5,7,5,-0.4747449844367926,-0.14616121069386234,-0.11942214140998253,0.0007263856503758048,False,False,False
DualMomentum_3h_top1_inverse_vol,3.1343186387433963,0.07686238154061886,-0.33624710553340276,0.18365329585332635,0.49534790308141,4830,18,11,9,6,5,7,5,-0.4747449844367926,-0.14616121069386234,-0.11942214140998253,0.0007263856503758048,False,False,False
